sample_name,k__Bacteria; p__Firmicutes; c__Bacilli; o__Bacillales; f__Staphylococcaceae; g__Staphylococcus; s__succinus,k__Bacteria; p__Firmicutes; c__Bacilli; o__Lactobacillales; f__Enterococcaceae; g__Enterococcus,k__Bacteria; p__Firmicutes; c__Bacilli; o__Lactobacillales; f__Lactobacillaceae; g__Lactobacillus; s__,k__Bacteria; p__Proteobacteria; c__Gammaproteobacteria; o__Pseudomonadales; f__Pseudomonadaceae,k__Bacteria; p__Proteobacteria; c__Gammaproteobacteria; o__Enterobacteriales; f__Enterobacteriaceae,k__Bacteria; p__Proteobacteria; c__Gammaproteobacteria; o__Pseudomonadales; f__Moraxellaceae; g__Acinetobacter; s__guillouiae,k__Bacteria; p__Proteobacteria; c__Alphaproteobacteria; o__Sphingomonadales; f__Sphingomonadaceae; g__Sphingobium; s__xenophagum,k__Bacteria; p__Bacteroidetes; c__Bacteroidia; o__Bacteroidales; f__Bacteroidaceae; g__Bacteroides; s__,k__Bacteria; p__Bacteroidetes; c__Bacteroidia; o__Bacteroidales; f__S24-7; g__; s__,k__Bacteria; p__Firmicutes; c__Bacilli; o__Lactobacillales; f__Streptococcaceae; g__Streptococcus; s__agalactiae,k__Bacteria; p__Firmicutes; c__Bacilli; o__Bacillales; f__Staphylococcaceae; g__Staphylococcus,k__Bacteria; p__Firmicutes; c__Clostridia; o__Clostridiales; f__; g__; s__,k__Bacteria; p__Proteobacteria; c__Betaproteobacteria; o__Burkholderiales; f__Comamonadaceae,k__Bacteria; p__Firmicutes; c__Bacilli; o__Lactobacillales; f__Streptococcaceae; g__Streptococcus; s__,k__Bacteria; p__Actinobacteria; c__Actinobacteria; o__Actinomycetales; f__Corynebacteriaceae; g__Corynebacterium; s__,k__Bacteria; p__Bacteroidetes; c__Bacteroidia; o__Bacteroidales; f__Prevotellaceae; g__Prevotella; s__melaninogenica,k__Bacteria; p__Bacteroidetes; c__Bacteroidia; o__Bacteroidales; f__Prevotellaceae; g__Prevotella; s__copri,k__Bacteria; p__Bacteroidetes; c__Bacteroidia; o__Bacteroidales; f__Bacteroidaceae; g__Bacteroides,k__Bacteria; p__Firmicutes; c__Clostridia; o__Clostridiales; f__Ruminococcaceae; g__Faecalibacterium; s__prausnitzii,k__Bacteria; p__Firmicutes; c__Bacilli; o__Lactobacillales; f__Streptococcaceae; g__Streptococcus; s__infantis,Other
12502.6P15,1,0,0,0,0,0,0,0,0,0,0,0,0,0,0,0,0,0,0,0,0
12502.3T12,0.999473684,0,0,0,0,0,0,0,0,0,0,0,0,0,0,0,0,0,0,0,0.000526316
12502.0T25,1,0,0,0,0,0,0,0,0,0,0,0,0,0,0,0,0,0,0,0,0
12502.6T11,0,0,0,0,0,0,0,0,0,0,0,0.000526316,0,0.064210526,0,0.002105263,0,0,0,0.114210526,0.81894737
12502.3P14,0.872631579,0.126315789,0,0,0,0,0,0,0,0,0,0,0,0,0,0,0,0,0,0,0.001052632
12502.2P20,0.999473684,0,0,0,0,0,0,0,0,0,0,0,0,0,0,0,0,0,0,0,0.000526316
12502.0T13,0.999473684,0,0,0,0.000526316,0,0,0,0,0,0,0,0,0,0,0,0,0,0,0,0
12502.0P19,1,0,0,0,0,0,0,0,0,0,0,0,0,0,0,0,0,0,0,0,0
12502.0P17,0,0,0,0.923684211,0,0,0,0,0,0,0.062105263,0,0,0,0.013157895,0,0,0,0,0,0.001052632
12502.0T22,0.956842105,0,0,0,0,0,0,0,0,0,0,0,0,0,0,0,0,0.04,0,0,0.003157895
12502.2P18,0.998947368,0,0,0.000526316,0,0,0,0,0,0,0,0.000526316,0,0,0,0,0,0,0,0,0
12502.1T13,0.998421053,0,0,0,0.001578947,0,0,0,0,0,0,0,0,0,0,0,0,0,0,0,0
12502.1T18,0.997894737,0,0,0,0.001052632,0,0,0,0,0,0,0,0,0,0,0,0,0,0,0,0.001052632
12502.0P18,1,0,0,0,0,0,0,0,0,0,0,0,0,0,0,0,0,0,0,0,0
12502.1T11,0,0.961052632,0.03,0,0.008421053,0,0,0,0,0,0,0,0,0,0,0,0,0,0,0,0.000526316
12502.2T19,0.993157895,0,0.006315789,0,0,0,0,0,0,0,0,0,0,0,0,0,0,0,0,0,0.000526316
12502.1T17,0.998947368,0,0,0,0.001052632,0,0,0,0,0,0,0,0,0,0,0,0,0,0,0,0
12502.1T25,0.998947368,0,0,0,0,0,0,0,0,0,0,0,0.000526316,0,0,0,0,0,0,0,0.000526316
12502.6T23,1,0,0,0,0,0,0,0,0,0,0,0,0,0,0,0,0,0,0,0,0
12502.3P23,0.902105263,0.096842105,0,0,0,0,0,0,0,0,0,0,0,0,0,0,0,0.000526316,0,0,0.000526316
12502.2P13,0.999473684,0,0,0.000526316,0,0,0,0,0,0,0,0,0,0,0,0,0,0,0,0,0
12502.1T23,0.367894737,0.630526316,0,0.000526316,0,0,0,0,0,0,0,0,0,0,0,0,0,0,0,0.000526316,0.000526316
12502.1T21,0.998947368,0,0,0,0.000526316,0,0,0,0,0,0,0,0,0,0.000526316,0,0,0,0,0,0
12502.1T15,0.001578947,0,0,0.001052632,0.561052632,0,0,0,0,0,0.002631579,0.000526316,0.003157895,0.026315789,0,0,0,0,0,0,0.403684218
12502.6P11,0.998947368,0,0,0.000526316,0,0,0,0,0,0,0,0,0,0,0,0,0,0,0,0,0.000526316
12502.2T15,0.998947368,0,0,0,0,0,0,0,0,0,0,0,0,0,0.000526316,0,0,0,0,0,0.000526316
12502.3T24,0.998421053,0,0,0,0,0.001052632,0,0,0,0,0,0,0,0,0.000526316,0,0,0,0,0,0
12502.0T11,0,0.921578947,0.078421053,0,0,0,0,0,0,0,0,0,0,0,0,0,0,0,0,0,0
12502.2T18,1,0,0,0,0,0,0,0,0,0,0,0,0,0,0,0,0,0,0,0,0
12502.3P24,0.922105263,0.076315789,0,0.000526316,0.001052632,0,0,0,0,0,0,0,0,0,0,0,0,0,0,0,0
12502.6P22,0.998947368,0,0,0.001052632,0,0,0,0,0,0,0,0,0,0,0,0,0,0,0,0,0
12502.1P18,1,0,0,0,0,0,0,0,0,0,0,0,0,0,0,0,0,0,0,0,0
12502.3P20,1,0,0,0,0,0,0,0,0,0,0,0,0,0,0,0,0,0,0,0,0
12502.1P25,0,0.955263158,0,0,0.037894737,0,0,0,0,0,0,0,0.000526316,0,0,0,0,0,0,0,0.006315792
12502.3T19,0.955789474,0,0,0.003157895,0,0,0,0,0,0,0,0,0.015263158,0.000526316,0,0,0,0,0,0.002105263,0.023157895
12502.6T15,0.831052632,0.168947368,0,0,0,0,0,0,0,0,0,0,0,0,0,0,0,0,0,0,0
12502.2P22,0.999473684,0,0,0.000526316,0,0,0,0,0,0,0,0,0,0,0,0,0,0,0,0,0
12502.1P21,0,0.994736842,0,0,0.004736843,0,0,0,0,0,0,0.000526316,0,0,0,0,0,0,0,0,0
12502.1P13,0.998947368,0,0,0,0,0,0,0,0,0,0,0,0,0,0,0,0,0,0,0,0.001052632
12502.2T22,0.672105263,0,0.001052632,0,0.000526316,0,0,0,0,0,0,0,0.001052632,0,0,0,0,0.304736842,0,0,0.020526316
12502.3P16,0.999473684,0,0,0,0,0,0,0,0,0,0,0,0,0,0,0,0,0,0,0,0.000526316
12502.3T16,0.966842105,0.004736842,0,0.001578947,0,0,0,0,0,0,0,0,0.003684211,0,0.000526316,0,0,0,0,0,0.022631581
12502.6P18,0.988947368,0,0.000526316,0,0,0,0,0,0,0,0,0,0,0,0,0,0,0,0,0,0.010526316
12502.2T11,0,0.998947368,0,0,0,0,0,0,0,0,0,0,0,0,0,0,0,0.000526316,0,0,0.000526316
12502.0T21,1,0,0,0,0,0,0,0,0,0,0,0,0,0,0,0,0,0,0,0,0
12502.0P21,0,0.798421053,0,0,0.000526316,0,0,0,0,0,0,0,0,0.021578948,0.085263158,0.001052632,0,0,0,0.01,0.083157902
12502.1T12,0.998421053,0,0,0,0.001578947,0,0,0,0,0,0,0,0,0,0,0,0,0,0,0,0
12502.3T21,0.999473684,0,0,0,0,0,0,0,0,0,0,0,0,0,0,0,0,0,0,0,0.000526316
12502.3P25,0.616842105,0.383157895,0,0,0,0,0,0,0,0,0,0,0,0,0,0,0,0,0,0,0
12502.2P24,0.884210526,0.115789474,0,0,0,0,0,0,0,0,0,0,0,0,0,0,0,0,0,0,0
12502.6P14,0.951578947,0.048421053,0,0,0,0,0,0,0,0,0,0,0,0,0,0,0,0,0,0,0
12502.2P19,0.999473684,0,0,0,0,0,0,0,0,0,0,0.000526316,0,0,0,0,0,0,0,0,0
12502.3P19,1,0,0,0,0,0,0,0,0,0,0,0,0,0,0,0,0,0,0,0,0
12502.3T18,1,0,0,0,0,0,0,0,0,0,0,0,0,0,0,0,0,0,0,0,0
12502.0T23,0.911052632,0.088947368,0,0,0,0,0,0,0,0,0,0,0,0,0,0,0,0,0,0,0
12502.1T22,0.889473684,0,0.001052632,0,0.004210526,0,0,0,0,0,0,0,0,0,0,0,0,0.095789474,0,0,0.009473684
12502.3T17,1,0,0,0,0,0,0,0,0,0,0,0,0,0,0,0,0,0,0,0,0
12502.1T16,0.883157895,0.115263158,0,0,0,0,0,0,0,0,0,0.001052632,0,0,0,0,0,0.000526316,0,0,0
12502.6T14,0.011052632,0.001578947,0.884210527,0,0.005789474,0,0,0,0,0,0.016315789,0,0.014210527,0,0.001578947,0,0,0,0,0,0.065263163
12502.3P21,0.003157895,0.883684211,0,0,0,0.001052632,0,0,0,0,0.008421053,0.004736842,0.008421053,0,0.002631579,0,0,0,0,0.000526316,0.087368425
12502.0T16,0.984210526,0,0,0,0,0,0,0,0,0,0,0.000526316,0.001052632,0,0.001052632,0,0,0,0,0,0.013157898
12502.0T12,1,0,0,0,0,0,0,0,0,0,0,0,0,0,0,0,0,0,0,0,0
12502.1P23,0.999473684,0,0,0,0,0,0,0,0,0,0,0,0.000526316,0,0,0,0,0,0,0,0
12502.1P11,0.999473684,0,0,0,0,0,0,0,0,0,0,0,0,0,0,0,0,0,0,0,0.000526316
12502.6P13,0.996315789,0,0,0,0,0,0,0,0,0,0,0,0,0,0,0,0,0,0,0,0.00368421
12502.2P23,0.984736842,0.015263158,0,0,0,0,0,0,0,0,0,0,0,0,0,0,0,0,0,0,0
12502.3T20,1,0,0,0,0,0,0,0,0,0,0,0,0,0,0,0,0,0,0,0,0
12502.6P25,0.051052632,0.946315789,0,0,0,0,0,0,0,0,0,0,0,0,0,0,0,0,0,0,0.002631579
12502.0P12,0.999473684,0,0,0,0,0,0,0,0,0,0,0,0,0,0,0,0,0,0,0,0.000526316
12502.1P12,0,0.999473684,0,0,0,0,0,0,0,0,0,0,0,0,0.000526316,0,0,0,0,0,0
12502.2P21,0,0.998947368,0,0,0,0,0,0,0,0,0,0,0,0,0,0,0,0,0,0,0.001052632
12502.0T24,1,0,0,0,0,0,0,0,0,0,0,0,0,0,0,0,0,0,0,0,0
12502.1P24,0.833684211,0.165789474,0,0,0.000526316,0,0,0,0,0,0,0,0,0,0,0,0,0,0,0,0
12502.1T19,0.864210526,0,0.131052632,0.000526316,0.004210526,0,0,0,0,0,0,0,0,0,0,0,0,0,0,0,0
12502.2T21,0.998947368,0,0,0,0,0,0,0,0.001052632,0,0,0,0,0,0,0,0,0,0,0,0
12502.3T15,0.997368421,0.002105263,0,0.000526316,0,0,0,0,0,0,0,0,0,0,0,0,0,0,0,0,0
12502.2T12,1,0,0,0,0,0,0,0,0,0,0,0,0,0,0,0,0,0,0,0,0
12502.6T25,0.994736842,0,0,0.000526316,0,0,0,0,0,0,0,0,0,0,0,0,0,0,0,0,0.004736843
12502.0P11,0.006842105,0.992631579,0,0.000526316,0,0,0,0,0,0,0,0,0,0,0,0,0,0,0,0,0
12502.2T17,0.999473684,0,0,0,0,0,0,0,0,0,0,0,0,0,0,0,0,0,0,0,0.000526316
12502.6T19,1,0,0,0,0,0,0,0,0,0,0,0,0,0,0,0,0,0,0,0,0
12502.6P23,0.807368421,0.190526316,0,0.001052632,0,0,0,0,0,0,0,0,0,0,0,0,0,0,0,0,0.001052632
12502.0T17,0.998947368,0,0,0,0.001052632,0,0,0,0,0,0,0,0,0,0,0,0,0,0,0,0
12502.0T18,0.998947368,0,0,0,0,0,0,0,0,0,0,0.001052632,0,0,0,0,0,0,0,0,0
12502.0P24,0.82,0.18,0,0,0,0,0,0,0,0,0,0,0,0,0,0,0,0,0,0,0
12502.6T24,0.997368421,0,0,0.001052632,0.000526316,0,0,0,0,0,0,0,0,0,0,0,0,0,0,0,0.001052632
12502.2T13,0.998421053,0,0,0,0,0,0,0,0,0,0,0,0,0,0,0,0,0,0,0,0.001578948
12502.1P17,0.000526316,0,0,0,0,0,0,0,0,0,0.01,0,0.023157895,0.062105263,0.309473684,0.004210527,0,0,0,0.018421053,0.572105271
12502.2T20,0.999473684,0,0,0,0,0,0,0,0,0,0,0,0,0,0,0.000526316,0,0,0,0,0
12502.2T16,0.759473684,0.240526316,0,0,0,0,0,0,0,0,0,0,0,0,0,0,0,0,0,0,0
12502.6P24,0.881578947,0.117894737,0,0,0,0,0,0,0,0,0,0,0,0,0,0,0,0,0,0,0.000526316
12502.3P22,1,0,0,0,0,0,0,0,0,0,0,0,0,0,0,0,0,0,0,0,0
12502.2P11,1,0,0,0,0,0,0,0,0,0,0,0,0,0,0,0,0,0,0,0,0
12502.6P20,0.768421053,0.231578947,0,0,0,0,0,0,0,0,0,0,0,0,0,0,0,0,0,0,0
12502.1T24,1,0,0,0,0,0,0,0,0,0,0,0,0,0,0,0,0,0,0,0,0
12502.2P16,0.988421053,0,0.001578947,0.000526316,0,0,0,0,0.000526316,0,0,0.000526316,0.002631579,0,0.000526316,0,0,0.001578947,0,0,0.003684212
12502.2T24,1,0,0,0,0,0,0,0,0,0,0,0,0,0,0,0,0,0,0,0,0
12502.2P25,0.33,0.668947368,0,0,0,0,0,0,0,0,0,0,0,0,0,0,0,0,0,0,0.001052632
12502.2P14,0.871052632,0.128421053,0,0,0,0,0,0,0,0,0,0,0,0,0,0,0,0,0,0,0.000526316
12502.0P23,1,0,0,0,0,0,0,0,0,0,0,0,0,0,0,0,0,0,0,0,0
12502.3P18,0.997894737,0,0.000526316,0,0,0,0,0,0,0,0,0,0.000526316,0,0,0,0,0,0,0,0.001052632
12502.3T11,0,0.968947368,0,0.000526316,0,0,0,0,0,0,0,0,0.001052632,0,0,0,0,0.027894737,0,0,0.001578948
12502.6T21,1,0,0,0,0,0,0,0,0,0,0,0,0,0,0,0,0,0,0,0,0
12502.6T12,1,0,0,0,0,0,0,0,0,0,0,0,0,0,0,0,0,0,0,0,0
12502.6P12,0.398421053,0.601578947,0,0,0,0,0,0,0,0,0,0,0,0,0,0,0,0,0,0,0
12502.1P14,0.999473684,0,0,0,0,0,0,0,0,0,0,0,0,0,0,0,0,0,0,0,0.000526316
12502.6P19,0.997894737,0,0,0,0,0,0,0,0,0,0,0,0,0,0,0,0,0,0,0,0.002105264
12502.0T19,0.019473684,0,0.980526316,0,0,0,0,0,0,0,0,0,0,0,0,0,0,0,0,0,0
12502.2T25,0.997894737,0,0,0,0,0,0,0,0,0,0,0,0,0,0,0,0,0,0,0,0.002105264
12502.6P21,0.943157895,0.056842105,0,0,0,0,0,0,0,0,0,0,0,0,0,0,0,0,0,0,0
12502.1T20,0.895263158,0,0,0.001052632,0.096315789,0,0,0,0,0,0,0,0.001052632,0,0.003157895,0,0,0,0,0,0.003157896
12502.1P19,0.998947368,0,0,0.000526316,0.000526316,0,0,0,0,0,0,0,0,0,0,0,0,0,0,0,0
12502.1T14,0.005789474,0,0.003157895,0,0.883684211,0,0,0,0.001052632,0,0.005789474,0.00368421,0.006842105,0,0.001052632,0,0,0,0,0,0.088947369
12502.6T13,1,0,0,0,0,0,0,0,0,0,0,0,0,0,0,0,0,0,0,0,0
12502.2P12,0.005263158,0.712631579,0.002631579,0,0,0,0,0,0.001052632,0,0.035789474,0.058421052,0.020526316,0,0.002631579,0,0,0,0,0.002631579,0.158421059
12502.6T20,0.997894737,0,0,0,0,0,0,0.000526316,0,0,0,0,0,0,0,0,0,0,0,0,0.001578947
12502.6T07,0.037368421,0.957894737,0.000526316,0,0,0,0,0,0,0.001578947,0,0,0,0,0,0,0,0,0,0,0.00263158
12502.0C18,0.994210526,0,0,0,0.000526316,0,0,0,0,0.000526316,0,0,0,0,0,0,0,0,0,0,0.004736844
12502.0C16,0.385263158,0.612105263,0,0,0.001052632,0,0,0,0,0.000526316,0,0,0,0,0,0,0,0,0,0,0.001052632
12502.1P09,0.996315789,0,0,0,0.000526316,0,0,0,0,0,0,0,0,0.000526316,0,0,0,0,0,0,0.00263158
12502.0C15,0.12,0.015789474,0.005789474,0,0.026842105,0,0,0,0,0.732631579,0,0,0.009473684,0,0,0,0,0,0,0,0.089473688
12502.3P06,0.995263158,0,0,0,0,0,0,0,0,0.001052632,0,0,0,0,0,0,0,0,0,0,0.003684211
12502.2P09,0.996842105,0,0,0,0.001052632,0,0,0,0,0.000526316,0,0,0,0,0,0,0,0,0,0,0.001578948
12502.3T06,0.995789474,0,0,0,0.001052632,0,0,0,0,0.000526316,0,0,0,0,0,0,0,0,0.001052632,0,0.001578948
12502.6T06,0.996315789,0,0,0,0.000526316,0,0,0,0,0.000526316,0,0,0,0,0,0,0,0,0.000526316,0,0.002105264
12502.1T04,0.96,0,0.034736842,0,0.000526316,0,0,0,0,0.001052632,0,0,0,0,0,0,0,0,0.001052632,0,0.00263158
12502.0T04,0.885263158,0,0.113684211,0,0,0,0,0,0,0.000526316,0,0.000526316,0,0,0,0,0,0,0,0,0
12502.0T10,0.994210526,0,0,0,0.001052632,0,0,0.000526316,0,0.001052632,0,0.000526316,0,0,0,0,0,0,0,0,0.00263158
12502.0H20,0.955263158,0.041052632,0,0,0.001578947,0,0,0.000526316,0,0.001578947,0,0,0,0,0,0,0,0,0,0,0
12502.6P07,0.997894737,0,0,0,0.001052632,0,0,0,0,0,0,0,0,0,0,0,0,0,0.000526316,0,0.000526316
12502.2T09,0.001052632,0,0.994736842,0,0.000526316,0,0,0,0,0.000526316,0,0,0,0,0,0,0,0,0,0,0.003157896
12502.0H19,0.99,0,0.000526316,0,0.000526316,0,0,0.001052632,0,0.001052632,0,0,0.002105263,0,0,0,0,0,0,0,0.004736843
12502.6P02,0.623684211,0.373684211,0,0,0.000526316,0,0,0,0,0.001052632,0,0,0,0.000526316,0,0,0,0,0,0,0.000526316
12502.3T04,0.986842105,0,0,0,0.001052632,0,0,0.000526316,0,0.006842105,0,0,0,0,0,0,0,0,0,0,0.004736842
12502.3T10,0.999473684,0,0,0,0,0,0,0,0,0,0,0,0,0,0,0,0,0,0.000526316,0,0
12502.0P09,0.993157895,0,0,0,0.000526316,0,0,0.000526316,0,0.000526316,0,0,0,0,0,0,0,0,0,0,0.00526316
12502.3P04,0.986315789,0,0,0,0.001052632,0,0,0.000526316,0,0.003157895,0,0,0,0,0.000526316,0,0,0,0,0,0.008421055
12502.6T02,0.98,0,0,0,0.000526316,0.000526316,0,0,0,0.000526316,0,0,0,0.000526316,0,0,0,0.013684211,0.001052632,0,0.003157896
12502.3T03,0.995263158,0,0,0,0.000526316,0,0,0,0,0.001578947,0,0,0,0,0,0,0,0,0,0,0.00263158
12502.3T02,0.982105263,0,0,0,0.000526316,0,0,0,0,0,0,0,0,0,0,0,0,0.016842105,0,0,0.000526316
12502.0T07,0.522105263,0.473157895,0.000526316,0,0,0,0,0,0,0.000526316,0,0,0,0.000526316,0,0,0,0,0.001052632,0,0.002105264
12502.3P02,0.802631579,0.195789474,0,0,0,0,0,0,0,0.001052632,0,0,0,0,0,0,0,0,0,0,0.000526316
12502.6P06,0.997894737,0,0,0,0,0,0,0,0,0.000526316,0,0,0,0,0,0,0,0,0,0,0.001578948
12502.6T03,0.99631579,0,0,0,0.000526316,0,0,0,0,0.000526316,0,0,0,0,0,0,0,0,0,0,0.00263158
12502.0P04,0.986842105,0,0.002631579,0,0,0,0,0,0,0.002631579,0,0,0,0,0,0,0,0,0.000526316,0,0.007368423
12502.6P03,0.001578947,0,0.988421053,0,0.001052632,0,0,0,0,0.001052632,0,0,0,0,0.001578947,0,0,0,0,0,0.00631579
12502.1P04,0.999473684,0,0,0,0,0,0,0,0,0,0,0,0,0,0,0,0,0,0,0,0.000526316
12502.3P07,0.995789474,0,0,0,0.001578948,0,0,0,0,0.001052632,0,0,0,0,0.000526316,0,0,0,0,0,0.001052632
12502.0P10,0.99,0,0,0,0.000526316,0,0,0,0,0.002631579,0,0,0,0.000526316,0,0,0,0.000526316,0,0,0.005789475
12502.1T02,0.995789474,0,0.000526316,0,0.001052632,0,0,0,0,0,0,0,0,0,0,0,0,0.001052632,0,0,0.001578948
12502.6T09,0.971052632,0,0.024736842,0,0.000526316,0,0,0,0,0.001052632,0,0,0,0,0,0,0,0,0,0,0.00263158
12502.0C11,0.948947368,0,0.002105263,0,0.016315789,0,0,0.004210527,0,0,0,0.000526316,0.015263158,0,0,0,0,0,0,0,0.012631579
12502.6P01,0.994736842,0,0,0,0.001052632,0,0,0,0,0.002631579,0,0,0,0,0,0,0,0,0,0,0.001578948
12502.0C12,0.997894737,0,0,0,0,0,0,0,0,0.000526316,0,0,0,0,0,0,0,0,0,0,0.001578948
12502.2T02,0.988947368,0,0,0,0,0,0,0,0,0.001052632,0,0,0,0,0,0,0,0.007894737,0,0,0.002105264
12502.2P02,0.882631579,0.114210526,0,0,0,0,0,0,0,0.001052632,0,0,0,0.000526316,0,0,0,0,0,0,0.001578948
12502.6T01,0.996842105,0,0,0,0,0,0,0,0,0.001052632,0,0,0,0,0,0,0,0,0,0,0.002105264
12502.1P10,0.923157895,0.071578947,0,0,0.000526316,0,0,0,0,0.001052632,0,0,0,0,0,0,0,0,0,0,0.003684212
12502.0T02,0.983684211,0,0,0,0,0,0,0,0,0.002105263,0,0,0,0,0,0,0,0.011578947,0,0,0.00263158
12502.2T05,0,0.953684211,0,0,0.001052632,0,0,0,0,0,0,0,0.000526316,0,0,0,0,0,0,0,0.044736845
12502.3T09,0.002631579,0.003684211,0.961578947,0,0.007894737,0,0,0,0,0.002631579,0,0,0,0,0,0,0,0.001052632,0.001578948,0,0.018947373
12502.6T08,0.522631579,0.475789474,0,0,0,0,0,0,0,0.000526316,0,0.000526316,0,0,0,0,0,0,0,0,0.000526316
12502.3P01,0.862631579,0,0.018421053,0,0.000526316,0,0,0.000526316,0,0.001052632,0,0,0,0,0,0,0,0,0.001052632,0,0.115789475
12502.3T01,0.997894737,0,0,0,0.000526316,0,0,0,0,0.000526316,0,0,0,0,0,0,0,0,0,0,0.001052632
12502.2T03,0.999473684,0,0,0,0,0,0,0,0,0,0,0,0,0,0,0,0,0,0,0,0.000526316
12502.2T10,0.987894737,0,0.001578947,0,0.000526316,0,0,0,0,0.002105263,0,0,0,0.001052632,0,0,0,0,0.001578947,0,0.005263159
12502.2T04,0.984210526,0,0.009473684,0,0,0,0,0,0,0.002631579,0,0,0.000526316,0,0,0,0,0,0.000526316,0,0.00263158
12502.2P04,0.996315789,0,0,0,0,0,0,0.000526316,0,0.001052632,0,0,0,0,0,0,0,0,0,0,0.002105264
12502.0P02,0.642105263,0.355263158,0,0,0,0,0,0,0,0.000526316,0,0,0,0,0,0,0,0,0,0,0.002105264
12502.1T08,0,0.996315789,0,0,0.001052632,0,0,0,0,0.000526316,0,0,0,0,0,0,0,0,0,0,0.002105264
12502.6P09,0.994210526,0,0,0,0,0,0,0,0,0.001052632,0,0,0,0,0,0,0,0,0.000526316,0,0.004210528
12502.1T03,0.987368421,0,0.000526316,0,0.000526316,0,0,0,0,0.000526316,0,0.000526316,0.001578947,0,0.001578948,0,0,0,0,0,0.007368423
12502.3P08,0.067368421,0.93,0,0,0,0,0,0,0,0.000526316,0,0,0,0,0,0,0,0,0,0,0.002105263
12502.2P07,0.998421053,0,0,0,0,0,0,0,0,0.000526316,0,0,0,0,0,0,0,0,0,0,0.001052632
12502.6T04,0.998421053,0,0,0,0.000526316,0,0,0,0,0,0,0,0,0,0,0,0,0,0,0,0.001052632
12502.2T01,0.992631579,0,0,0,0.001052632,0,0,0,0,0.002105263,0,0,0,0,0,0,0,0,0,0,0.004210527
12502.1P02,0.588421053,0.408421053,0,0,0.000526316,0,0,0,0,0.000526316,0,0,0,0,0,0,0,0,0,0,0.002105264
12502.0T08,0,0.996842105,0,0,0,0,0,0.000526316,0,0.001578947,0,0,0,0,0,0,0,0,0,0,0.001052632
12502.1T10,0.997894737,0,0,0,0,0,0,0,0,0.001052632,0,0,0,0,0,0,0,0,0,0,0.001052632
12502.2P10,0.881052632,0.111578947,0,0,0.001052632,0,0,0.001052632,0,0.001052632,0,0,0,0,0,0,0,0,0,0,0.004210528
12502.6P08,0.410526316,0.585789474,0,0,0.000526316,0,0,0,0,0.000526316,0,0,0,0,0.001578947,0,0,0,0,0,0.001052632
12502.6T10,0.996842105,0,0,0,0,0,0,0,0,0.002105263,0,0,0,0,0,0,0,0,0.000526316,0,0.000526316
12502.6T05,0.001052632,0.993157895,0,0,0.000526316,0,0,0.001052632,0,0.002105263,0,0,0,0,0,0,0,0,0.000526316,0,0.001578948
12502.2P06,0.991578947,0,0,0,0.000526316,0,0,0,0,0.003157895,0,0,0,0,0,0,0,0,0,0,0.004736843
12502.2T06,0.996842105,0,0,0,0.000526316,0,0,0,0,0.001052632,0,0,0,0,0,0,0,0,0,0,0.001578948
12502.6P05,0.997894737,0,0,0,0,0,0,0,0,0.000526316,0,0,0,0,0,0,0,0,0,0,0.001578948
12502.1T05,0.000526316,0.991052632,0,0,0.001578947,0,0,0.000526316,0,0.001052632,0,0,0.000526316,0,0,0,0,0,0,0,0.004736844
12502.0T05,0.011052632,0.978421053,0.000526316,0,0.000526316,0,0,0,0,0.000526316,0,0,0.003157895,0.001578948,0,0,0,0,0.000526316,0,0.003684212
12502.3P09,0.996842105,0,0,0,0.000526316,0,0,0,0,0.001052632,0,0,0,0,0,0,0,0,0,0,0.001578948
12502.0C10,0.761052632,0.000526316,0,0,0,0,0,0,0,0.234736842,0,0,0,0,0.001052632,0,0,0,0,0.000526316,0.002105264
12502.0C7,0.961052632,0,0.001052632,0,0,0,0,0,0,0.004736842,0,0,0,0.002631579,0.002631579,0,0,0,0,0,0.02789474
12502.0H9,0.974736842,0,0,0,0,0,0,0,0.000526316,0.007368421,0,0,0,0.001052632,0.001578948,0,0,0,0,0,0.014736843
12502.0H4,0.995263158,0,0,0,0,0,0,0,0,0.003684211,0,0,0,0,0,0,0,0,0,0.000526316,0.000526316
12502.0L3,0.452631579,0,0.537894737,0,0,0,0,0,0,0.002105263,0,0,0,0,0,0,0,0,0,0,0.007368423
12502.0L8,0.995789474,0,0,0,0,0,0,0,0,0.002631579,0,0,0,0,0,0.000526316,0,0,0,0.000526316,0.000526316
12502.0L1,0.985789474,0,0,0,0,0,0,0,0,0.003684211,0,0,0,0.001578947,0.000526316,0,0,0,0,0.003684211,0.004736844
12502.0C2,0.999473684,0,0,0,0,0,0,0,0,0,0,0,0,0,0.000526316,0,0,0,0,0,0
12502.0H2,0.997894737,0,0,0,0,0,0,0,0,0.002105263,0,0,0,0,0,0,0,0,0,0,0
12502.0C6,1,0,0,0,0,0,0,0,0,0,0,0,0,0,0,0,0,0,0,0,0
12502.0C5,0.992105263,0,0,0,0,0,0,0,0,0.007894737,0,0,0,0,0,0,0,0,0,0,0
12502.0L9,0.996315789,0,0,0,0,0,0,0,0,0.003157895,0,0,0,0,0,0,0,0,0,0.000526316,0
12502.0H6,0.184736842,0.766315789,0,0,0.000526316,0,0,0,0,0.002105263,0,0,0,0,0,0,0,0.022105263,0,0,0.024210527
12502.0H7,0.001578947,0.994210526,0,0,0,0,0,0,0,0.003157895,0,0,0,0,0.000526316,0,0,0,0,0.000526316,0
12502.0H1,0.994210526,0,0,0,0,0,0,0,0,0.001052632,0,0,0,0,0,0.000526316,0,0,0,0,0.004210528
12502.0H3,0.913684211,0.084210526,0,0,0,0,0,0,0,0.002105263,0,0,0,0,0,0,0,0,0,0,0
12502.0H8,0.01,0.000526316,0,0,0.001052632,0,0,0,0,0.099473684,0.000526316,0,0,0.279473684,0.000526316,0,0,0,0,0,0.608421054
12502.0H10,0.996315789,0,0,0,0,0,0,0,0,0.002631579,0,0,0,0,0,0,0,0,0,0.000526316,0.000526316
12502.0C9,0.997894737,0,0,0,0,0,0,0,0,0.002105263,0,0,0,0,0,0,0,0,0,0,0
10911.0G18,0.995263158,0,0,0,0,0,0.001052632,0,0,0.000526316,0,0,0.001052632,0,0,0,0,0,0.001052632,0,0.001052632
10911.0G22,0.976315789,0.001052632,0,0,0.001052632,0,0.012105263,0,0,0.000526316,0,0,0.000526316,0,0,0,0,0,0,0,0.008421054
10911.0G2,0.003157895,0.992631579,0,0,0,0,0.001052632,0,0,0.000526316,0,0.000526316,0.001578947,0,0,0,0,0,0,0,0.000526316
10911.0P24,0.983157895,0.003157895,0,0,0.000526316,0,0.001052632,0.001052632,0,0.002105263,0,0,0,0,0,0,0.000526316,0.000526316,0,0,0.007894739
10911.0T16,0.071052632,0.926315789,0,0,0.000526316,0,0.000526316,0,0,0.000526316,0,0,0,0,0,0,0,0,0,0,0.001052632
10911.0P18,0.408421053,0.004210526,0,0.022631579,0.037894737,0,0.114736842,0.019999999,0.012631579,0.000526316,0,0.010526316,0.051052631,0,0.007894737,0,0.035263159,0.016315789,0.009473684,0,0.248421057
10911.0C9,0.227368421,0.77,0,0,0,0,0.002105263,0,0,0,0,0,0,0,0,0,0,0,0,0,0.000526316
10911.0T26,0.973684211,0.003157895,0,0,0.003157895,0,0.005789474,0.002105263,0,0,0,0.000526316,0.001578947,0,0,0,0.001578948,0,0,0,0.008421055
10911.14P31,0.994210526,0.002631579,0.000526316,0,0,0,0.000526316,0,0,0.000526316,0,0,0.000526316,0,0,0,0,0,0,0,0.001052632
10911.0G15,0.988421053,0,0,0,0,0,0.008421053,0,0,0,0,0,0.000526316,0,0,0,0,0.001578947,0,0,0.001052632
10911.0P1,0.026315789,0.003157895,0,0,0.138947368,0,0.117368421,0.088421053,0,0,0.001578947,0.006842106,0.015789474,0,0.020526317,0,0.063157895,0.054736842,0.060526315,0.004210526,0.398421058
10911.0G31,0.992105263,0,0,0,0,0,0.001052632,0,0,0,0,0,0,0,0,0,0,0,0,0,0.006842107
10911.0C10,0.987894737,0.005789474,0,0,0,0,0.000526316,0,0,0,0,0,0.001578947,0,0,0,0,0,0,0,0.004210528
10911.0P3,0.007368421,0.008947368,0,0.005263158,0.078421053,0.002105263,0.061052632,0.107368421,0.015789474,0,0.004736842,0.033684211,0.061578948,0,0,0,0.048947369,0.025789474,0.053684211,0,0.485263163
10911.0T29,0.611578947,0.348947368,0,0,0.005789474,0,0.003684211,0.001578947,0,0.001578947,0,0,0.001052632,0,0.001052632,0,0.00263158,0.001052632,0.00263158,0,0.018421055
10911.0C4,0.987368421,0.001578947,0.003684211,0,0,0,0.003157895,0,0,0.000526316,0,0,0.001578947,0,0.000526316,0,0,0,0,0,0.001578948
10911.0P4,0.991052632,0.002105263,0,0,0.000526316,0,0.000526316,0.001578948,0,0,0,0,0,0,0,0,0.000526316,0,0,0,0.003684212
10911.7P36,0.976315789,0.002631579,0,0,0,0,0.005263158,0.002631579,0,0.001052632,0,0,0.002105263,0,0,0,0,0,0,0,0.010000001
10911.21P10,0.004210526,0.977368421,0.000526316,0,0.000526316,0,0.005263158,0,0,0.001578947,0,0,0.000526316,0,0,0,0,0,0,0,0.010000001
10911.0T5,0.018421053,0.003684211,0.04368421,0,0.025263158,0,0.064210526,0.005263158,0.240526317,0,0.000526316,0.111052631,0.054736842,0,0,0,0.004736842,0,0,0,0.427894738
10911.3P11,0.994736842,0.002105263,0.000526316,0,0.000526316,0,0.000526316,0,0,0,0,0.000526316,0,0,0,0,0,0,0,0,0.001052632
10911.0P35,0.565263158,0.431578947,0,0,0,0,0.000526316,0,0,0,0,0,0,0,0,0,0,0,0,0,0.00263158
10911.0P2,0.012631579,0.007368421,0.001052632,0,0.056842106,0,0.072631579,0.120526317,0.005789473,0,0,0.016315789,0.031052632,0,0,0,0.021052632,0.037894736,0.035263157,0,0.581578964
10911.0P31,0.592105263,0.4,0,0,0,0,0.002631579,0,0,0.000526316,0,0,0,0,0,0,0.000526316,0,0,0,0.004210528
10911.7P31,0.987368421,0.004736842,0,0,0.002105263,0,0.003157895,0,0,0,0,0,0,0,0,0,0,0,0,0,0.00263158
10911.3P3,0.024736842,0.745263158,0,0,0.03,0,0.001052632,0.029473684,0.005263158,0.001578947,0,0.006842105,0.000526316,0,0,0,0.013157897,0.011052632,0.016842106,0,0.114210533
10911.14P30,0.001052632,0.996315789,0,0,0.000526316,0,0,0,0,0,0,0,0.000526316,0,0,0,0,0,0,0,0.001578947
10911.3P1,0.994736842,0.000526316,0,0,0,0,0,0.001052632,0,0,0,0,0,0,0,0,0,0.000526316,0,0,0.003157896
10911.3P25,0.998421053,0.000526316,0,0,0,0,0,0,0,0.000526316,0,0,0,0,0,0,0,0,0,0,0.000526316
10911.0T30,0.038421053,0.878421053,0.001052632,0,0.034210526,0,0.013684211,0,0.002631579,0.001578948,0,0,0.005789474,0,0,0,0,0,0,0,0.02421053
10911.0G20,0.99,0.001578947,0,0,0,0,0.002631579,0,0,0.001052632,0,0,0,0,0.000526316,0,0,0,0.001052632,0,0.003157895
10911.0P20,0.161052632,0.835263158,0,0,0,0,0.001052632,0,0,0.000526316,0,0,0.000526316,0,0,0,0,0,0,0,0.001578948
10911.0G1,0.05,0.785263158,0,0,0.001578947,0.004736842,0.028947368,0.002105263,0,0.078947368,0,0,0.006842105,0,0,0,0,0,0,0,0.04157895
10911.0G8,0.03,0.717368421,0,0,0,0,0,0,0,0.252631578,0,0,0,0,0,0,0,0,0,0,0
10911.0T27,0.990526316,0.004210526,0.000526316,0,0.000526316,0,0.000526316,0.000526316,0,0.000526316,0,0,0,0,0,0,0,0,0,0,0.00263158
10911.0P5,0.013157895,0.005263158,0.951052631,0,0,0,0.004210526,0.00631579,0,0.001578948,0,0.001052632,0.001578947,0,0.000526316,0,0.002105264,0.000526316,0.000526316,0,0.012105267
10911.14P12,0.017368421,0.006315789,0,0,0.115789474,0,0.203684211,0.011578948,0,0.007368421,0,0.001052632,0.027894736,0,0,0,0.019473684,0.07,0.056315789,0,0.463157897
10911.0C7,0.991052632,0.001578947,0.000526316,0,0.000526316,0,0.001578947,0,0,0,0,0,0.000526316,0,0,0,0,0,0,0.000526316,0.003684212
10911.0C36,0.987894737,0.006315789,0,0,0.000526316,0,0.001052632,0,0,0.001578947,0,0,0,0,0,0,0,0,0,0,0.00263158
10911.0G21,0.993684211,0.000526316,0,0,0.000526316,0,0,0,0,0.000526316,0,0,0.001052632,0,0,0,0,0,0,0,0.003684212
10911.0T15,0.005263158,0.987368421,0,0,0,0,0.002631579,0,0,0,0,0,0.001052632,0,0,0,0,0,0.000526316,0,0.003157896
10911.0C30,0.988947368,0,0,0,0.002105263,0,0.004210526,0,0.001052632,0,0,0.000526316,0,0,0,0,0,0,0,0,0.003157895
10911.0C32,0.990526316,0.003157895,0,0,0,0,0.002631579,0,0,0,0,0,0,0,0,0,0,0,0,0,0.003684212
10911.3P14,0.291052632,0.703684211,0,0,0,0,0.001578947,0,0.000526316,0,0,0,0,0,0,0,0,0,0,0,0.003157896
10911.0G32,0.991052632,0.003684211,0,0,0.000526316,0,0.000526316,0,0,0,0,0,0.000526316,0,0,0,0,0,0,0,0.003684212
10911.0T12,0.996315789,0,0,0,0.001052632,0,0.000526316,0,0,0,0,0,0,0,0,0,0,0,0.000526316,0,0.001578948
10911.14P29,0.007894737,0.065789474,0.098947368,0,0,0,0.092105263,0,0.201578948,0,0,0.075263162,0.017894737,0,0,0,0,0,0,0,0.440526324
10911.0G5,0.014210526,0.961578947,0,0,0.001578947,0,0,0.001052632,0.001052632,0.000526316,0,0,0,0.005789474,0,0,0.000526316,0.001052632,0.000526316,0.001578947,0.01052632
10911.3P20,0.055263158,0.942105263,0,0,0,0,0.001052632,0,0,0.001052632,0,0,0,0,0,0,0,0,0,0,0.000526316
10911.3P5,0.012105263,0.008421052,0.90368421,0,0.006842106,0,0.005263158,0.011578948,0.002105263,0.002105263,0.000526316,0.003157896,0.002631579,0,0,0,0,0.001578947,0.001578948,0,0.038421058
10911.7P12,0.987894737,0.002105263,0,0,0.001052632,0,0,0.001052632,0,0.001052632,0,0,0.002105263,0,0,0,0,0.000526316,0,0,0.004210528
10911.0P15,0.990526316,0,0,0,0.000526316,0,0.002105263,0.001578947,0,0,0,0,0.001052632,0,0,0,0,0,0,0,0.004210528
10911.0P36,0.998947368,0.000526316,0,0,0,0,0,0,0.000526316,0,0,0,0,0,0,0,0,0,0,0,0
10911.0T7,0.985263158,0.001052632,0,0,0.000526316,0,0.002631579,0.00368421,0,0.000526316,0,0,0.000526316,0,0,0,0,0.000526316,0.002105264,0,0.003157896
10911.0P7,0.351578947,0.633157895,0,0,0,0,0.002105263,0.001578948,0,0.000526316,0,0,0,0,0,0,0.000526316,0,0.001052632,0.000526316,0.008947371
10911.0T35,0.020526316,0.925789474,0.049473684,0,0,0,0.001052632,0,0,0.000526316,0,0,0.000526316,0,0,0,0,0,0,0,0.002105264
10911.0G12,0.993684211,0.004210526,0,0,0.000526316,0,0,0,0,0,0,0,0.000526316,0,0,0,0,0,0,0,0.001052632
10911.0C20,0.930526316,0,0.000526316,0,0.007368421,0,0.009473684,0,0.008421053,0.001052632,0,0.003157895,0.006842105,0,0.004736842,0,0,0,0,0,0.027894737
10911.0P11,0.980526316,0.002631579,0,0,0.000526316,0.000526316,0.005789474,0,0,0,0,0,0.000526316,0,0.000526316,0,0,0,0,0,0.00894737
10911.0G29,0.996842105,0.002105263,0,0,0,0,0,0,0,0.001052632,0,0,0,0,0,0,0,0,0,0,0
10911.0P13,0.058947368,0.938421053,0,0,0,0,0,0,0.000526316,0.000526316,0,0,0.000526316,0,0.000526316,0,0,0,0,0,0.000526316
10911.0T14,0.018947368,0.011578947,0.00631579,0,0,0,0.328947368,0,0.003157895,0.003684211,0,0.003157895,0.361578947,0,0.001578947,0,0,0,0,0,0.261052633
10911.3P21,0.994736842,0.003157895,0.000526316,0,0,0,0.001052632,0,0,0.000526316,0,0,0,0,0,0,0,0,0,0,0
10911.0P17,0.336315789,0.626842105,0,0,0.003157895,0,0.003684211,0.007368421,0.001578948,0,0,0.001052632,0,0,0,0,0.001578948,0.002105263,0.002631579,0,0.013684214
10911.7P32,0.775789474,0.219473684,0,0,0,0,0.001578947,0,0,0,0,0,0.000526316,0,0,0,0,0,0,0,0.00263158
10911.0P29,0.994736842,0.001052632,0.000526316,0,0,0,0.001052632,0,0,0.000526316,0,0,0,0,0,0,0,0,0.000526316,0,0.001578948
10911.0C24,0.007368421,0.002105263,0,0,0.005263158,0.005263158,0.012105263,0,0,0,0.187894737,0,0.001578948,0.009473684,0.131578947,0,0,0,0,0.022631579,0.61473686
10911.7P35,0.548947368,0.446842105,0,0,0,0,0.001052632,0,0.000526316,0.000526316,0,0,0,0,0,0,0,0,0,0,0.002105264
10911.0G10,0.008421053,0.986842105,0,0,0,0,0.002105263,0,0,0.000526316,0,0,0,0,0,0,0,0,0,0,0.002105264
10911.3P15,0.999473684,0,0,0,0,0,0,0,0,0.000526316,0,0,0,0,0,0,0,0,0,0,0
10911.0C34,0.997894737,0.002105263,0,0,0,0,0,0,0,0,0,0,0,0,0,0,0,0,0,0,0
10911.0T6,0.945789474,0.001578947,0,0,0.001578948,0,0.011052632,0.009473683,0,0.000526316,0,0,0.002105263,0,0,0,0.001578947,0.001578948,0.004736843,0,0.020000004
10911.0P32,0.954736842,0.002105263,0,0,0.000526316,0,0.008421053,0,0.00631579,0,0,0.000526316,0.001578948,0,0,0,0,0.010526316,0,0,0.01526316
10911.0P25,0.007368421,0.001052632,0,0.012105263,0.104736842,0,0.031578947,0.126842106,0,0,0,0.028947369,0.023157894,0,0,0,0.08157895,0.049473685,0.054210526,0,0.478947375
10911.0P21,0.034210526,0.002631579,0.939473684,0,0.002631579,0,0.003157895,0.002105264,0,0.001578947,0,0,0.000526316,0,0,0,0,0,0,0.000526316,0.013157898
10911.3P4,0.982105263,0,0,0.000526316,0.001578947,0,0,0.00263158,0,0.001052632,0,0,0,0,0,0,0.001578948,0.000526316,0.000526316,0,0.009473687
10911.3P27,0.997894737,0,0,0,0,0,0.000526316,0,0,0.000526316,0,0,0.000526316,0,0,0,0,0,0,0,0.000526316
10911.7P7,0.579473684,0.416842105,0,0,0,0,0.002631579,0,0,0,0,0,0,0,0,0,0,0,0,0,0.001052632
10911.0T34,0.166842105,0.807894737,0.023157894,0,0,0,0.001052632,0,0,0.000526316,0,0,0,0,0,0,0,0,0,0,0.000526316
10911.0G34,0.997894737,0,0,0,0,0,0.001052632,0,0,0.000526316,0,0,0,0,0,0,0,0,0,0,0.000526316
10911.14P11,0.007894737,0.003684211,0,0.016315789,0.152105263,0,0.075789474,0.141578948,0,0,0,0.011578947,0.021052632,0,0,0,0.040000001,0.001578947,0.099473685,0,0.428947374
10911.0P6,0.161052632,0.813157895,0,0,0.002105263,0,0.000526316,0.004210527,0,0,0,0,0.001578947,0,0,0.000526316,0,0.002105264,0.001052632,0,0.013684216
10911.0T36,0.67,0.203157895,0.008947369,0,0,0,0.004736842,0.000526316,0.023157895,0,0,0.047368423,0.004210526,0,0,0,0,0,0.001052632,0,0.036842107
10911.21P21,0.165263158,0.014736842,0.55631579,0,0.005263158,0,0.084210526,0,0.004210526,0.002105263,0,0.018421052,0.001578947,0,0,0,0,0,0,0,0.147894739
10911.0T18,0.017894737,0.004210526,0,0.006315789,0.158947368,0,0.121052632,0.076315789,0,0,0,0.040526316,0.027368422,0,0,0,0.084210528,0.000526316,0.02,0,0.44263158
10911.0C28,0.997368421,0,0,0,0,0,0,0,0,0.000526316,0,0,0.000526316,0,0,0,0,0,0.001052632,0,0.000526316
10911.0C31,0.982631579,0.002105263,0,0,0,0,0.002105263,0,0,0,0,0,0.001052632,0,0,0,0,0,0,0,0.012105266
10911.0G23,0.990526316,0.002105263,0,0,0,0,0.003684211,0,0,0,0,0.000526316,0,0,0,0,0,0,0,0,0.003157896
10911.7P20,0.004736842,0.003684211,0.005789473,0,0.080000001,0,0.037894737,0.086315789,0.022631579,0.002105263,0.061578947,0.010526316,0.01,0.145789474,0.01368421,0,0.014210528,0.018947369,0.036315789,0.072631579,0.373157902
10911.7P11,0.007368421,0.003157895,0,0.009473684,0.122631579,0,0.054736842,0.129473683,0.006315789,0.001052632,0,0.007368421,0.049473684,0,0,0,0.046315792,0.042631579,0.024210527,0,0.495789474
10911.3P6,0.623684211,0.373157895,0,0,0.000526316,0,0,0.001052632,0.000526316,0,0,0,0,0,0,0,0,0,0,0,0.001052632
10911.0C33,0.1,0.006315789,0,0,0.013684211,0,0.161578947,0,0.001578947,0.002631579,0.002105263,0.001052632,0.032631579,0.003684211,0,0,0,0,0,0.014736842,0.660000007
10911.14P8,0.025263158,0.966842105,0,0,0,0,0.002105263,0,0.000526316,0.001052632,0,0,0,0,0,0,0,0,0,0,0.004210528
10911.0T21,0.98,0,0,0,0.004210527,0,0.004736842,0.001052632,0,0,0,0,0.001052632,0,0,0,0,0,0.000526316,0,0.008421054
10911.0C6,0.435789474,0.560526316,0,0,0,0,0,0,0,0.000526316,0,0,0.000526316,0,0,0,0,0,0,0,0.00263158
10911.0T28,0.018947368,0.001052632,0,0.006842105,0.124736841,0,0.081052632,0.138947368,0.000526316,0,0,0.024736842,0.011052632,0,0.010526316,0,0.065789474,0.021052631,0.030526316,0,0.464210535
10911.0C14,0.986842105,0.003157895,0,0,0,0,0.005789474,0.000526316,0,0,0,0,0.000526316,0,0,0,0,0,0,0,0.003157896
10911.3P8,0.679473684,0.17,0,0,0.013684211,0,0.017368421,0.021578947,0,0.000526316,0,0,0.002631579,0.001578948,0,0,0.004736842,0.002631579,0.009999999,0,0.07578948
10911.0C17,0.976842105,0.002105263,0,0,0.000526316,0,0.008947368,0,0,0,0,0,0.003684211,0,0,0,0,0,0,0,0.007894738
10911.3P35,0.051052632,0.941578947,0,0,0,0,0.004210526,0,0,0.000526316,0,0,0.000526316,0,0,0,0,0,0,0,0.002105264
10911.7P5,0.007368421,0.009473684,0.945789474,0,0,0,0.013684211,0.000526316,0,0.001052632,0,0,0.002105263,0,0,0,0,0,0,0.000526316,0.019473685
10911.21P36,0.005263158,0.005263158,0.003684211,0.001052632,0.005263159,0,0.008421053,0.221052632,0.005263159,0,0.012105263,0.022631583,0.002631579,0.015789474,0.000526316,0,0.001052632,0.035789474,0.030000001,0.003684211,0.620526354
10911.0C16,0.992631579,0.002105263,0,0,0,0,0.002105263,0,0,0,0,0,0,0,0,0,0,0,0,0,0.003157895
10911.0P14,0.49,0.468421053,0,0,0,0,0.001578947,0,0,0,0,0,0,0,0.008421054,0,0.001052632,0.000526316,0,0.000526316,0.029473693
10911.3P32,0.510526316,0.489473684,0,0,0,0,0,0,0,0,0,0,0,0,0,0,0,0,0,0,0
10911.7P18,0.987894737,0.001578947,0,0,0,0,0.002631579,0,0,0.000526316,0,0,0.000526316,0,0,0,0.001052632,0,0.002105263,0,0.003684212
10911.3P18,0.996842105,0.002631579,0,0,0,0,0,0,0,0,0,0,0,0,0,0,0,0,0,0,0.000526316
10911.0T19,0.333157895,0.654736843,0.000526316,0,0.000526316,0,0.000526316,0.002105263,0,0.000526316,0,0,0,0,0,0,0.001052632,0.000526316,0.001052632,0,0.00526316
10911.7P24,0.996315789,0.000526316,0,0,0.000526316,0,0.001052632,0,0,0.000526316,0,0,0,0,0,0,0,0,0,0,0.001052632
10911.0P10,0.915263158,0,0.075263157,0,0,0,0.001052632,0.001052632,0,0,0.000526316,0,0,0,0,0,0.001052632,0,0.000526316,0,0.00526316
10911.3P7,0.744210526,0.252631579,0,0,0.001052632,0,0,0,0,0.000526316,0,0,0,0,0,0,0,0,0,0,0.001578948
10911.7P10,0.996315789,0.000526316,0,0,0,0,0.000526316,0,0,0,0,0,0,0,0,0,0,0,0,0,0.00263158
10911.3P22,0.976315789,0.000526316,0.021578948,0,0,0,0,0,0,0.000526316,0,0,0,0,0,0,0,0,0,0,0.001052632
10911.7P21,0.992631579,0,0,0.000526316,0,0,0.001052632,0.001052632,0,0.000526316,0,0.000526316,0.001578947,0,0,0,0,0,0,0,0.002105264
10911.0P12,0.992105263,0.000526316,0.001052632,0,0,0,0.000526316,0,0,0.000526316,0,0,0,0,0,0,0,0,0,0,0.005263159
10911.14P7,0.112631579,0.883684211,0,0,0.000526316,0,0,0,0,0,0,0,0.001578947,0,0,0,0,0,0,0,0.001578948
10911.0C25,0.431578947,0.558421053,0,0,0,0,0.004736842,0.001052632,0,0,0,0,0.001052632,0,0,0,0,0,0,0,0.003157896
10911.3P34,0.053157895,0.946315789,0,0,0,0,0,0,0,0,0,0,0,0,0,0,0,0,0,0,0.000526316
10911.0T20,0.987894737,0,0,0,0.002631579,0,0.001052632,0.002105264,0.000526316,0.000526316,0,0,0,0,0,0,0,0,0.000526316,0,0.004736844
10911.0G6,0.986842105,0.007894737,0.000526316,0,0.000526316,0,0.002105263,0,0,0.000526316,0,0,0,0,0,0,0,0,0,0,0.001578948
10911.0G35,0.175263158,0.020526316,0,0,0.000526316,0,0.154736842,0,0.001052632,0.001052632,0.016315789,0.024210527,0.004210527,0,0,0,0,0,0,0.014210526,0.587894736
10911.3P9,0.983157895,0.000526316,0,0,0.000526316,0,0.003157895,0.00368421,0,0.000526316,0,0,0.001052632,0,0,0,0,0,0.000526316,0,0.006842108
10911.3P2,0.077894737,0.001578947,0.2,0,0.05,0,0.054210526,0.101052632,0.017368421,0,0,0.009473685,0.013157895,0,0.003684211,0,0.047368421,0.020526316,0.046842105,0,0.356842111
10911.0G28,0.998421053,0.000526316,0,0,0,0,0.000526316,0,0,0,0,0,0,0,0,0,0,0,0,0,0.000526316
10911.7P19,0.945789474,0.001578947,0,0,0.003684211,0,0.003684211,0.005263158,0.009473684,0,0,0.002631579,0,0,0,0,0,0.005789474,0.001578947,0,0.02052632
10911.0C3,0.004736842,0.985789474,0,0,0,0,0.004210526,0,0,0.000526316,0,0,0.001052632,0,0,0,0,0,0,0,0.003684211
10911.3P33,0.97,0.001578947,0,0,0,0,0.007894737,0,0,0.005263158,0,0,0,0,0,0,0,0,0.000526316,0,0.014736844
10911.0G25,0.995789474,0,0,0,0,0,0.001052632,0,0,0.000526316,0,0,0.000526316,0,0,0,0,0,0,0,0.002105264
10911.0T11,0.981578947,0,0,0.000526316,0.000526316,0,0,0.003157896,0.001052632,0,0,0.000526316,0,0,0,0,0.002105264,0.001578947,0.001578947,0,0.007368424
10911.0T25,0.988421053,0.002105263,0,0,0,0,0.002105263,0,0,0,0,0.000526316,0.002631579,0,0,0,0,0,0,0,0.004210527
10911.0C22,0.982105263,0.002105263,0.002631579,0,0,0,0.001578947,0,0.005263159,0,0,0,0.000526316,0,0,0,0,0,0.001578947,0,0.004210528
10911.0P19,0.987894737,0.003157895,0,0,0,0,0.002105263,0,0,0.000526316,0,0,0.002105263,0,0,0.000526316,0,0,0,0,0.003684212
10911.0C2,0.515789474,0.467894737,0.001052632,0,0.001578947,0,0.002631579,0.000526316,0,0.001578948,0,0,0.000526316,0,0,0,0,0,0,0,0.008421053
10911.3P28,0.967368421,0.021578947,0,0,0,0,0.000526316,0,0,0.000526316,0,0.000526316,0.000526316,0,0,0,0,0,0,0,0.00894737
10911.0C8,0.891052632,0.103157895,0,0,0,0,0.001578947,0,0,0,0,0,0.000526316,0,0,0,0,0,0,0,0.003684212
10911.0G19,0.986842105,0,0.012105264,0,0,0,0,0,0,0,0,0,0.000526316,0,0,0,0,0,0,0,0.000526316
10911.0T32,0.995789474,0.001578947,0,0,0,0,0,0,0,0.001052632,0,0,0,0,0,0,0,0,0,0,0.001578948
10911.21P23,0.051052632,0.003157895,0.002105263,0,0,0,0.128421053,0,0.248947369,0.003684211,0,0.03894737,0.017368421,0,0,0,0,0,0,0,0.506315793
10911.0T9,0.775789474,0.211578947,0,0,0.001052632,0,0.003157895,0.001578947,0,0,0,0.000526316,0,0,0,0,0.000526316,0,0,0,0.005789475
10911.7P8,0.66,0.338421053,0,0,0,0,0.000526316,0,0,0,0,0,0.000526316,0,0,0,0,0.000526316,0,0,0
10911.21P35,0.019473684,0.003684211,0.017894737,0,0.003157895,0.000526316,0.021578947,0,0.303157895,0.002631579,0.000526316,0.116315794,0.000526316,0,0.005789474,0,0,0,0,0,0.504736852
10911.0P9,0.006842105,0.000526316,0.002631579,0,0.001578948,0,0.001578947,0.001052632,0,0,0,0.001052632,0.001052632,0.070526316,0.000526316,0.181052632,0,0,0,0.117894737,0.613684232
10911.3P31,0.994736842,0.004736842,0,0,0,0,0,0,0,0.000526316,0,0,0,0,0,0,0,0,0,0,0
10911.3P13,0.757368421,0.242105263,0,0,0,0,0,0,0,0.000526316,0,0,0,0,0,0,0,0,0,0,0
10911.0G14,0.676315789,0.272105263,0.001578947,0,0,0,0.007368421,0.004736842,0.000526316,0.001052632,0,0.002105264,0.013684211,0,0,0,0,0,0,0,0.020526318
10911.0G30,0.990526316,0.002631579,0.000526316,0,0.000526316,0,0.001578947,0,0,0.000526316,0,0,0.002631579,0,0,0,0,0,0,0,0.001052632
10911.3P26,0.995263158,0.003684211,0.000526316,0,0,0,0,0,0,0.000526316,0,0,0,0,0,0,0,0,0,0,0
10911.3P36,1,0,0,0,0,0,0,0,0,0,0,0,0,0,0,0,0,0,0,0,0
10911.0T10,0.020526316,0.042105263,0.007368421,0,0.029473684,0,0.069473684,0.024736842,0.164736842,0,0,0.055789475,0.034210526,0.004210526,0,0,0,0,0,0,0.547368422
10911.0P30,0.002105263,0.991052632,0,0,0,0,0.002105263,0,0,0,0,0,0,0,0,0,0,0,0,0,0.004736843
10911.0T33,0.155789474,0.838421053,0,0,0.000526316,0,0.002105263,0,0,0,0,0,0.000526316,0,0,0,0,0,0,0,0.00263158
10911.0P23,0.998947368,0.000526316,0,0,0,0,0,0,0.000526316,0,0,0,0,0,0,0,0,0,0,0,0
10911.0P34,0.002105263,0.991052632,0,0,0,0,0.002631579,0,0,0.000526316,0,0,0,0,0,0,0,0,0,0,0.003684212
10911.0G9,0.988947368,0.004210526,0,0,0,0,0.001052632,0,0,0,0,0,0.001052632,0,0,0,0,0,0,0,0.004736844
10911.14P21,0.008947368,0.005263158,0.919473684,0,0.006842106,0,0.026315789,0,0,0.001578947,0,0,0.01,0,0,0,0,0,0,0,0.02157895
10911.0C26,0.997894737,0.000526316,0,0,0,0,0.001052632,0,0,0,0,0,0,0,0,0,0,0,0,0,0.000526316
10911.0T8,0.513684211,0.482631579,0,0,0,0,0.000526316,0,0,0.000526316,0,0,0,0,0,0,0,0,0,0,0.00263158
10911.21P22,0.020526316,0.011578947,0,0.002631579,0.002105263,0,0.216842105,0,0.005789474,0,0,0,0.053684211,0,0,0,0,0,0,0,0.686842111
10911.0T2,0.000526316,0.998421053,0,0,0,0,0,0,0,0.000526316,0,0,0,0,0,0,0,0,0,0,0.000526316
10911.3P12,0.995263158,0.003684211,0,0,0,0,0,0,0.000526316,0.000526316,0,0,0,0,0,0,0,0,0,0,0
10911.14P36,0.113684211,0.004210526,0.057894737,0,0,0,0.052631579,0,0.240526316,0,0.001052632,0.04,0.006842105,0,0,0,0,0,0,0,0.483157907
10911.7P23,0.997368421,0,0,0,0,0,0.001052632,0,0,0,0,0,0,0,0,0,0,0,0,0.000526316,0.001052632
10911.3P30,0.340526316,0.658421053,0,0,0,0,0,0,0,0.000526316,0,0.000526316,0,0,0,0,0,0,0,0,0
10911.0G26,0.993684211,0.002105263,0,0,0.000526316,0,0.001052632,0,0,0,0,0,0.000526316,0,0,0,0,0,0,0,0.002105264
10911.7P29,0.605789474,0.389473684,0,0,0,0,0.001578947,0,0,0,0,0,0.000526316,0,0,0,0,0,0.001578947,0,0.001052632
10911.7P9,0.998947368,0,0,0,0,0,0.000526316,0,0,0,0,0,0,0,0,0,0,0,0,0,0.000526316
11692.11441.32o15,0.002105263,0.000526316,0,0,0,0.017894737,0,0,0,0.002631579,0.000526316,0,0,0,0,0,0,0,0,0,0.976315791
11692.11441.36o30,0.004736842,0.977894737,0.003684211,0.000526316,0.001052632,0.000526316,0,0.001052632,0,0,0,0,0,0,0,0,0.003157895,0,0,0.000526316,0.006842108
11692.11441.10o6,0.992105263,0,0,0.001052632,0.000526316,0,0,0,0,0,0,0,0,0,0,0,0,0,0,0.000526316,0.005789475
11692.11441.20o12,0.981578947,0,0.000526316,0.001578947,0,0.002631579,0,0,0.000526316,0,0,0.002105264,0,0.000526316,0,0,0,0,0,0,0.010526317
11692.11441.1o3,0.005263158,0,0,0.13368421,0.024736842,0.201578947,0,0,0,0,0.004210526,0.000526316,0,0,0,0.099473684,0,0,0,0.074210526,0.456315789
11692.11441.30o30,0.988421053,0,0,0,0,0.000526316,0,0.001578947,0,0.000526316,0,0,0,0,0,0,0,0,0,0,0.008947369
11692.11441.10o15,0.997368421,0,0,0,0.000526316,0,0,0,0,0,0,0,0,0,0,0,0,0,0,0,0.002105263
11692.11441.12o9,0.858421053,0.132631579,0,0.003157895,0,0,0,0,0,0,0,0.000526316,0,0.000526316,0,0,0,0,0,0.000526316,0.004210528
11692.11441.12o6,0.995789474,0,0,0,0.000526316,0,0,0,0,0,0,0,0,0.001578947,0,0,0,0,0,0,0.002105264
11692.11441.11o3,0,0,0.008947368,0.104736842,0,0.206842105,0,0,0.011052632,0,0.052631579,0.005263158,0,0.011052632,0.048947368,0,0.026842106,0,0,0.001052632,0.522631581
11692.11441.3o0,0.006842105,0,0,0.152105263,0.025263158,0.152105263,0,0,0,0,0.039473684,0,0.011052632,0.008421053,0.086842106,0.013157895,0,0,0,0.011052632,0.493684213
11692.11441.17o0,0.004210526,0.001578947,0,0.053157895,0.011052632,0.113157895,0,0,0,0,0.012105263,0.014736842,0.002105263,0.02,0.038947369,0,0.03,0.014736842,0.018947368,0.000526316,0.664736843
11692.11441.21o0,0.102631579,0.87,0,0.008421053,0.001052632,0.002631579,0,0,0,0,0,0,0,0,0,0,0.000526316,0,0.001052632,0.001578947,0.012105267
11692.11441.4o0,0.001578947,0.000526316,0.006315789,0.281578947,0.022631578,0.095789474,0,0.042105263,0,0,0.004736842,0.000526316,0,0,0.01,0.029473684,0.015263158,0,0.017894737,0,0.471578945
11692.11441.9o6,0.895789474,0,0,0.037368421,0,0.001052632,0,0.005789474,0,0,0,0,0,0.000526316,0,0,0,0,0,0.000526316,0.05894737
11692.11441.8o6,0.962105263,0,0,0.008421053,0,0.01,0,0.003157895,0,0,0,0.000526316,0,0,0,0.000526316,0,0,0,0.000526316,0.014736845
11692.11441.34o30,0.952105263,0,0,0,0,0,0,0,0.005789474,0,0,0.004736842,0.001052632,0.000526316,0,0,0,0.002105263,0.002631579,0.000526316,0.030526319
11692.11441.7o9,0.997894737,0,0,0,0,0,0,0,0,0,0,0,0,0,0,0,0,0,0,0,0.002105264
11692.11441.23o0,0.452631579,0.517894737,0,0.006842105,0,0.002631579,0,0.000526316,0,0,0,0,0,0.002105264,0,0.000526316,0,0,0.001052632,0.001052632,0.014736846
11692.11441.6o6,0.009473684,0,0,0.031578947,0.001578948,0.157894737,0,0,0,0,0.022105263,0,0,0.104736842,0,0.033157895,0,0,0,0,0.639473683
11692.11441.11o6,0.062631579,0,0,0.052631579,0.067894737,0,0,0,0.002631579,0,0.085263158,0.004210527,0.003684211,0,0.041578947,0,0,0,0,0.000526316,0.678947372
11692.11441.7o0,0.002631579,0.002105263,0.003157895,0.192105263,0.004736842,0.115263158,0,0.009473684,0,0,0.015789474,0.017368421,0,0.003684211,0.037368421,0.019473685,0.011052632,0,0.023157895,0.016315789,0.526315792
11692.11441.5o3,0.001052632,0,0,0.051578947,0,0.148947368,0,0.038421053,0.002105264,0,0.031052632,0.006315789,0.004210526,0.027368421,0,0.057894737,0.041578947,0,0.051052632,0.026842105,0.511578949
11692.11441.15o3,0.998421053,0,0,0.000526316,0,0,0,0,0,0,0,0,0,0,0,0,0,0,0,0,0.001052632
11692.11441.2o3,0.996315789,0,0,0.001052632,0,0.000526316,0,0,0,0,0,0,0,0,0,0,0,0,0,0,0.002105264
11692.11441.11o9,0.693684211,0.303157895,0,0,0,0,0,0,0,0,0,0,0.000526316,0,0,0,0,0,0,0.000526316,0.002105263
11692.11441.4o12,0.004210526,0.024210526,0.057368421,0.140526316,0,0.208421053,0,0,0.066315789,0,0.011052632,0.028421053,0.008421053,0.001052632,0.002631579,0.024210526,0,0,0,0.003684211,0.419473685
11692.11441.22o12,0.992631579,0,0,0,0.001052632,0,0,0,0,0,0,0,0,0,0,0,0,0,0,0,0.006315791
11692.11441.5o6,0.002631579,0.001052632,0,0.074736842,0.049473684,0.297894737,0,0,0,0,0.005263158,0,0.008947368,0,0.01,0.064210526,0,0,0,0.043684211,0.442105263
11692.11441.25o3,0.314210526,0.683684211,0.000526316,0,0,0,0,0,0,0,0,0,0,0.000526316,0,0,0,0,0,0.000526316,0.000526316
11692.11441.1o0,0.212631579,0,0,0.199473684,0.000526316,0.085789474,0,0.018947368,0.003157895,0,0.014210526,0,0,0.032105263,0,0.011052632,0.009473684,0,0,0,0.412631581
11692.11441.16o0,0.131578947,0.338421053,0,0.073157895,0,0.08,0,0.010526316,0,0,0.003684211,0.003157895,0,0.017368421,0.005263158,0.031578947,0.002631579,0.006315789,0.01,0.007894737,0.278421053
11692.11441.11o15,0.011052632,0,0.024736842,0.022105263,0.027368421,0.012631579,0,0.012105263,0.014736842,0,0.039473684,0.02,0.001052632,0.006315789,0.064210526,0.004736843,0.020000001,0.001578947,0.003684211,0.027368421,0.686842105
11692.11441.19o6,0.967894737,0,0,0.004210526,0.003684211,0.003157895,0,0,0.001578947,0,0,0,0,0,0,0.001578948,0,0.001578947,0,0,0.01631579
11692.11441.24o0,0.024736842,0.004736842,0,0.103157895,0.002631579,0.100526316,0,0.052105263,0,0,0.025263158,0,0,0,0,0.060526316,0.042631579,0,0.007368421,0.005789474,0.570526317
11692.11441.25o9,0.012105263,0.985789474,0,0,0,0,0,0,0,0,0,0,0,0.001052632,0,0,0,0,0,0,0.001052632
11692.11441.23o3,0.003684211,0.513684211,0,0.083684211,0,0.115789474,0,0.014210526,0.005263158,0,0.001052632,0.006842105,0,0,0.009473684,0.02631579,0.000526316,0.004210526,0.015263158,0.012631579,0.187368423
11692.11441.9o3,0.322631579,0.017368421,0,0.052631579,0.048947368,0.070526316,0,0,0,0,0.025789474,0,0,0,0.001052632,0.041052632,0,0,0,0.022631579,0.397368421
11692.11441.12o3,0.996315789,0,0,0,0,0,0,0,0,0,0,0,0,0,0,0,0.000526316,0,0,0.000526316,0.00263158
11692.11441.18o0,0.001052632,0.000526316,0,0.324210526,0.018421053,0.186842105,0,0,0,0,0.001052632,0.020526315,0.001052632,0.014736842,0,0,0,0,0,0.028421053,0.403157895
11692.11441.14o6,0,0,0,0.032631579,0.028947368,0.063684211,0,0.011052632,0.018421053,0,0.153157895,0,0,0,0.031052631,0,0,0,0,0.001052632,0.659999999
11692.11441.15o0,0.336315789,0.003157895,0,0.055789474,0,0.083684211,0,0.017894737,0,0,0.005789474,0.006315789,0,0.001578947,0.024210526,0.021052631,0.018421053,0,0,0.027894737,0.397894737
11692.11441.3o3,0.002105263,0.983684211,0.004736842,0.001052632,0,0.002631579,0,0,0,0,0,0,0,0,0,0.001052632,0,0,0,0.000526316,0.004210528
11692.11441.20o6,0.013157895,0.025789474,0,0.038421053,0.003684211,0.016315789,0,0,0,0,0.003157895,0,0,0.024210526,0.001052632,0.042105263,0,0,0.125789473,0,0.706315793
11692.11441.16o9,0.982631579,0,0,0.004210526,0,0.005263158,0,0,0,0,0,0,0,0,0,0,0,0,0,0,0.007894737
11692.11441.7o3,0.984736842,0,0,0.003684211,0,0,0,0,0.000526316,0,0,0,0,0,0,0,0,0,0,0.001052632,0.010000003
11692.11441.6o15,0.996315789,0,0,0,0,0,0,0,0,0,0,0,0,0,0.002105264,0,0,0,0,0,0.001578948
11692.11441.8o15,0.232631579,0.044210526,0.013157895,0.001052632,0,0.031578947,0,0,0.001052632,0,0.011052632,0.159473683,0.003157895,0,0.001052632,0.045263158,0.042631579,0.045789474,0,0.006842105,0.36105263
11692.11441.40o30,0.003157895,0,0.028421053,0.003157895,0.031578948,0,0,0,0.037368421,0,0.018421053,0.025263157,0.021052632,0,0.075263158,0,0,0.012631579,0,0,0.743684211
11692.11441.6o9,0.979473684,0,0,0.004210526,0.000526316,0.001052632,0,0,0.001052632,0,0,0,0,0,0,0,0.000526316,0,0,0,0.013157897
11692.11441.10o0,0.967894737,0,0.001578947,0.011052632,0.001578947,0.002105263,0,0.001052632,0,0,0,0,0,0,0,0.001052632,0,0,0,0.000526316,0.013157899
11692.11441.22o3,0.621052632,0.376842105,0,0,0.000526316,0,0,0,0,0,0,0,0,0,0,0,0,0,0,0.000526316,0.001052632
11692.11441.3o9,0.888947368,0.107368421,0,0.001052632,0,0,0,0,0,0,0,0,0,0,0,0,0,0,0,0.000526316,0.002105264
11692.11441.21o6,0.146842105,0.839473684,0,0.004210526,0,0.002105263,0,0,0.000526316,0,0,0.000526316,0,0,0.000526316,0.000526316,0,0,0,0.000526316,0.004736844
11692.11441.7o6,0.997894737,0,0,0,0,0,0,0,0,0,0,0,0,0,0,0,0,0,0,0,0.002105264
11692.11441.26o15,0.998421053,0,0,0,0,0,0,0.000526316,0,0,0,0,0,0,0,0,0,0,0,0,0.001052632
11692.11441.6o0,0.952105263,0.000526316,0,0.002631579,0.000526316,0.002105263,0,0.003157895,0,0,0,0,0,0.001052632,0,0.003157894,0.007368421,0.002105263,0.003157894,0,0.022105271
11692.11441.26o30,0.015263158,0.344736842,0.624736842,0,0,0.001578947,0,0,0,0,0.007894737,0,0,0.000526316,0,0,0.000526316,0,0,0.000526316,0.004210527
11692.11441.12o0,0.372631579,0.004210526,0,0.133684211,0.004736843,0.079473684,0,0.004736842,0.001578947,0,0,0.000526316,0,0,0,0.026315789,0.003684211,0,0,0.033157895,0.335263159
11692.11441.20o0,0.027368421,0.972631579,0,0,0,0,0,0,0,0,0,0,0,0,0,0,0,0,0,0,0
11692.11441.11o0,0.985789474,0.002631579,0.000526316,0.003684211,0,0.001052632,0,0,0,0,0,0,0.000526316,0,0.000526316,0,0,0,0,0,0.00526316
11692.11441.7o12,0.998947368,0,0,0,0,0,0,0,0,0,0,0,0,0.000526316,0,0,0,0,0,0,0.000526316
11692.11441.22o0,0.348947368,0.631578947,0,0.002631579,0,0.005263158,0,0,0,0,0,0,0,0,0,0,0.000526316,0,0.000526316,0,0.010526319
11692.11441.1o15,1,0,0,0,0,0,0,0,0,0,0,0,0,0,0,0,0,0,0,0,0
11692.11441.9o0,0.002631579,0,0,0.181578947,0.023157895,0.082105263,0,0.007894736,0,0,0.017894737,0,0.014736842,0.013157895,0,0.02,0.011052632,0.010526316,0,0.004210526,0.611052633
11692.11441.16o3,0.040526316,0.002631579,0,0.064736842,0.008421053,0.133684211,0,0,0,0,0.015263158,0.007894737,0.018421053,0.065789474,0,0.017894737,0,0,0,0.049473684,0.575263157
11692.11441.39o15,0.946842105,0,0.002105263,0.006315789,0.001578947,0,0,0,0.004210526,0,0,0.000526316,0,0.000526316,0,0,0,0,0,0.002105263,0.035789476
11692.11441.14o3,0.008947368,0.002105263,0,0.264210526,0.048947369,0.058421053,0,0.054210527,0,0,0.000526316,0.001578947,0.005789474,0,0,0.04,0.037894737,0,0.024210526,0.017368421,0.435789474
11692.11441.13o12,0,0.000526316,0,0,0,0.037368421,0,0,0,0,0.026842105,0.105263158,0,0.035263158,0.026315789,0.010526316,0.078421053,0,0,0.055789474,0.623684213
11692.11441.25o0,0.171578947,0.824736842,0,0,0,0.000526316,0,0,0,0,0,0,0,0,0,0,0,0,0,0.000526316,0.00263158
11692.11441.22o15,0.992631579,0,0.001052632,0,0,0.000526316,0,0,0,0,0,0,0,0,0,0,0,0,0,0,0.005789476
11692.11441.12o12,0.858947368,0.137894737,0,0.000526316,0,0.001052632,0,0,0,0,0.000526316,0,0,0,0,0,0,0,0,0.000526316,0.000526316
11692.11441.13o3,0.999473684,0,0,0,0,0,0,0,0,0,0,0,0,0,0,0,0,0,0,0,0.000526316
11692.11441.23o6,0.084736842,0.912105263,0,0,0,0,0,0.001578948,0,0,0,0,0,0,0,0,0,0,0,0,0.001578948
11692.11441.35o15,0.006315789,0.003157895,0.007894737,0.022105263,0.036842106,0.062105263,0,0.026842105,0,0,0.022631579,0.001052632,0,0,0.009473684,0.001052632,0,0,0.01368421,0.023157895,0.763684211
11692.11441.13o6,0.989473684,0,0,0,0,0,0,0,0.002105264,0,0,0,0,0.001578947,0,0.000526316,0,0,0,0.000526316,0.005789475
11692.11441.8o3,0.01,0.002105263,0.009473684,0.061052632,0,0.060526316,0,0,0.002105263,0,0.194736842,0,0.001052632,0.066842106,0.053684211,0.024210527,0,0,0,0.043157895,0.471052631
11692.11441.15o6,0.003684211,0.001052632,0.002631579,0.206842105,0,0.024736842,0,0,0.003157895,0,0.021578948,0,0,0,0,0.04,0,0.002105263,0.01368421,0,0.680526316
11692.11441.27o15,0.996315789,0,0,0,0,0,0,0,0,0,0,0,0,0,0,0,0,0,0,0,0.003684212
11692.11441.21o12,0.991052632,0,0,0,0,0.001578947,0,0,0.000526316,0,0,0,0,0,0.000526316,0.001052632,0,0,0,0.001052632,0.004210527
11692.11441.33o15,0.288421053,0.001052632,0.050526316,0,0.005789473,0,0,0.054736842,0.057894738,0,0,0.036842106,0,0.001578948,0,0,0,0,0.001052632,0,0.502105264
11692.11441.19o0,0.316842105,0.000526316,0.571052632,0.034736842,0.000526316,0.008947368,0,0,0,0,0,0,0,0,0.001578947,0.001578947,0,0,0.002631579,0.003684211,0.057894742
11692.11441.29o30,0,0,0,0,0.023157894,0.011052632,0,0.045789473,0.006842105,0,0.082105263,0,0,0.033157895,0,0.045263158,0.032105263,0,0.02,0.027368421,0.673157897
11692.11441.12o15,0.681578947,0.313684211,0.000526316,0.001578947,0,0,0,0,0,0,0,0,0,0,0,0,0,0,0,0,0.00263158
11692.11441.6o12,1,0,0,0,0,0,0,0,0,0,0,0,0,0,0,0,0,0,0,0,0
11692.11441.8o12,0.991578947,0.000526316,0.005789474,0,0,0.000526316,0,0,0,0,0,0,0,0,0,0,0,0,0,0.000526316,0.001052632
11692.11441.14o0,0.957368421,0,0,0.011052632,0,0.007368421,0,0.002105263,0,0,0,0,0,0.002105264,0.000526316,0,0,0,0,0.000526316,0.01894737
11692.11441.5o0,0.01,0,0,0.272105263,0.052105263,0.088421053,0,0.033157895,0,0,0.02,0,0.002105263,0.002631579,0,0.04631579,0.007894737,0.003157895,0.011578947,0.043684211,0.406842106
11692.11441.24o6,0.996315789,0,0,0.001052632,0,0,0,0,0,0,0,0,0,0.000526316,0,0,0,0,0,0,0.002105264
11692.11441.2o0,0.978947368,0,0,0.005263158,0.000526316,0.004736842,0,0,0,0,0,0,0,0.000526316,0,0.001052632,0,0,0,0.000526316,0.008421056
11692.11441.13o0,0.983157895,0,0,0.002631579,0,0.005789474,0,0,0,0,0,0,0,0,0.001052632,0,0,0,0,0.001578947,0.005789476
11692.11441.23o12,0.037368421,0.96,0,0.000526316,0,0,0,0,0,0,0,0,0,0,0,0,0,0,0,0.000526316,0.001578948
11692.11441.29o15,0.932105263,0,0,0,0.002631579,0.000526316,0,0.002105263,0,0,0,0.001578948,0,0,0.001052632,0.001052632,0.000526316,0.000526316,0,0.006315789,0.051578957
11692.11441.11o12,0.681052632,0.317368421,0,0,0.000526316,0,0,0,0,0,0,0,0,0.000526316,0,0,0,0,0,0.000526316,0
11692.11441.17o3,0.007368421,0.001052632,0,0.171578947,0.000526316,0.155789474,0,0,0,0,0.022631579,0,0,0.001052632,0.002631579,0.016842105,0.034210526,0,0.058947369,0.003157895,0.524210526
11692.11441.33o30,0.988421053,0,0,0,0.006315789,0,0,0,0,0,0,0,0.002105263,0,0,0,0,0,0,0,0.003157895
11692.11441.25o6,0.885263158,0.113157895,0,0,0,0,0,0,0,0,0,0,0,0,0,0,0,0,0,0.000526316,0.001052632
11692.11441.1o9,0.89631579,0,0,0.032105263,0,0.008421053,0,0,0,0,0,0,0.001578947,0,0,0.006315789,0,0,0,0.000526316,0.054736843
11692.11441.5o9,0.621052632,0,0.016842105,0.069473684,0.002105263,0.040526316,0,0.012105263,0.003684211,0,0,0.004210526,0,0.000526316,0,0.033157895,0,0,0,0.000526316,0.195789477
11692.11441.4o3,0.003157895,0,0,0.223157895,0.002631579,0.221578947,0,0,0.001578947,0,0,0.008421053,0,0.017368421,0.001578947,0,0.018947369,0,0.03,0.004210526,0.467368422
11692.11441.22o6,0.878421053,0.065263158,0,0.033157895,0,0,0,0,0,0,0,0,0,0.000526316,0.006842105,0.002105263,0,0,0,0,0.013684211